pwsid,pws_name,sgti_ft_per_yr,vuln_rank,n_wells_used,n_wells_significant,search_radius_m,systems_ranked,basin_id,basin_name,basin_slug,trend_start_year
CA5400964,SIERRA VISTA ASSOCIATION,-4.449,1,2,2,2000,16,5-022.13,SAN JOAQUIN VALLEY - TULE,san_joaquin_valley_tule,1995
CA5410025,WOODVILLE PUBLIC UTILITY DIST,-3.05,2,2,1,2000,16,5-022.13,SAN JOAQUIN VALLEY - TULE,san_joaquin_valley_tule,1995
CA5400641,TEVISTON COMMUNITY SERVICES DISTRICT,-2.766,3,1,0,2000,16,5-022.13,SAN JOAQUIN VALLEY - TULE,san_joaquin_valley_tule,1995
CA5400792,WOODVILLE FARM LABOR CENTER,-2.514,4,2,2,2000,16,5-022.13,SAN JOAQUIN VALLEY - TULE,san_joaquin_valley_tule,1995
CA5410050,ALPAUGH COMMUNITY SERVICES DISTRICT,-2.334,5,1,0,2000,16,5-022.13,SAN JOAQUIN VALLEY - TULE,san_joaquin_valley_tule,1995
CA5400767,PORTERVILLE - EAST PLANO,-2.21,6,2,2,2000,16,5-022.13,SAN JOAQUIN VALLEY - TULE,san_joaquin_valley_tule,1995
CA5410048,PORTERVILLE-JONES CORNER,-1.929,7,2,2,2000,16,5-022.13,SAN JOAQUIN VALLEY - TULE,san_joaquin_valley_tule,1995
CA5400529,"SHADY GROVE  MOBILE HOME PARK, LLC",-1.929,8,1,1,2000,16,5-022.13,SAN JOAQUIN VALLEY - TULE,san_joaquin_valley_tule,1995
CA5400718,WILLIAMS MUTUAL  WATER COMPANY,-1.837,9,1,1,2000,16,5-022.13,SAN JOAQUIN VALLEY - TULE,san_joaquin_valley_tule,1995
CA5400604,MOUNTAIN VIEW DUPLEXES,-1.474,10,3,3,2000,16,5-022.13,SAN JOAQUIN VALLEY - TULE,san_joaquin_valley_tule,1995
CA5400504,PORTERVILLE MOBILE VILLAGE,-1.434,11,2,1,2000,16,5-022.13,SAN JOAQUIN VALLEY - TULE,san_joaquin_valley_tule,1995
CA5400935,CWS - MULLEN WATER COMPANY,-1.268,12,3,2,2000,16,5-022.13,SAN JOAQUIN VALLEY - TULE,san_joaquin_valley_tule,1995
CA5400544,ALLENSWORTH CSD,-1.051,13,2,2,2000,16,5-022.13,SAN JOAQUIN VALLEY - TULE,san_joaquin_valley_tule,1995
CA5400602,EAGLE'S NEST RESORT,-0.686,14,4,3,2000,16,5-022.13,SAN JOAQUIN VALLEY - TULE,san_joaquin_valley_tule,1995
CA5410801,PORTERVILLE DEVELOPMENTAL CENTER,-0.634,15,6,5,2000,16,5-022.13,SAN JOAQUIN VALLEY - TULE,san_joaquin_valley_tule,1995
CA5400542,DUCOR CSD,2.188,16,1,0,2000,16,5-022.13,SAN JOAQUIN VALLEY - TULE,san_joaquin_valley_tule,1995
CA5403144,ALI MUTUAL WATER CO,-3.555,1,1,1,2000,13,5-022.11,SAN JOAQUIN VALLEY - KAWEAH,san_joaquin_valley_kaweah,1995
CA5402038,PATTERSON TRACT CSD,-2.889,2,1,1,2000,13,5-022.11,SAN JOAQUIN VALLEY - KAWEAH,san_joaquin_valley_kaweah,1995
CA5400880,THE LAKES ASSOCIATION,-2.576,3,1,1,2000,13,5-022.11,SAN JOAQUIN VALLEY - KAWEAH,san_joaquin_valley_kaweah,1995
CA5403217,OKIEVILLE HIGHLAND ACRES MWC,-2.326,4,7,6,2000,13,5-022.11,SAN JOAQUIN VALLEY - KAWEAH,san_joaquin_valley_kaweah,1995
CA5400881,SUNRISE MUTUAL WATER CO.,-2.324,5,2,2,2000,13,5-022.11,SAN JOAQUIN VALLEY - KAWEAH,san_joaquin_valley_kaweah,1995
CA5400679,MADSON GARDENS APARTMENTS,-2.21,6,4,4,2000,13,5-022.11,SAN JOAQUIN VALLEY - KAWEAH,san_joaquin_valley_kaweah,1995
CA5410041,CWS - TULCO WATER COMPANY,-2.155,7,1,0,2000,13,5-022.11,SAN JOAQUIN VALLEY - KAWEAH,san_joaquin_valley_kaweah,1995
CA5400567,TOOLEVILLE MUTUAL NON PROFIT WATER ASSN,-2.013,8,8,1,2000,13,5-022.11,SAN JOAQUIN VALLEY - KAWEAH,san_joaquin_valley_kaweah,1995
CA5400682,PLAINVIEW MWC - CENTRAL WATER,-1.956,9,15,12,2000,13,5-022.11,SAN JOAQUIN VALLEY - KAWEAH,san_joaquin_valley_kaweah,1995
CA5410039,PLAINVIEW MUTUAL WATER COMPANY,-1.924,10,15,11,2000,13,5-022.11,SAN JOAQUIN VALLEY - KAWEAH,san_joaquin_valley_kaweah,1995
CA5400631,LINNELL FARM LABOR CENTER,-1.699,11,1,1,2000,13,5-022.11,SAN JOAQUIN VALLEY - KAWEAH,san_joaquin_valley_kaweah,1995
CA5400647,YOKOHL MUTUAL WATER CO,-1.557,12,7,7,2000,13,5-022.11,SAN JOAQUIN VALLEY - KAWEAH,san_joaquin_valley_kaweah,1995
CA5400903,TRACT 92  COMMUNITY SERVICES DISTRICT,-1.403,13,4,3,2000,13,5-022.11,SAN JOAQUIN VALLEY - KAWEAH,san_joaquin_valley_kaweah,1995
CA1000369,ZONNEVELD DAIRY - CEDAR,-3.901,1,3,3,2000,41,5-022.08,SAN JOAQUIN VALLEY - KINGS,san_joaquin_valley_kings,1995
CA1000627,ZONNEVELD DAIRY - CERINI,-3.727,2,9,9,2000,41,5-022.08,SAN JOAQUIN VALLEY - KINGS,san_joaquin_valley_kings,1995
CA1010020,LATON COMMUNITY SERVICES DISTRICT,-2.974,3,3,3,2000,41,5-022.08,SAN JOAQUIN VALLEY - KINGS,san_joaquin_valley_kings,1995
CA1000053,LANARE COMMUNITY SERVICES DIST,-2.897,4,2,2,2000,41,5-022.08,SAN JOAQUIN VALLEY - KINGS,san_joaquin_valley_kings,1995
CA1000238,CAMDEN TRAILER PARK,-2.242,5,2,2,2000,41,5-022.08,SAN JOAQUIN VALLEY - KINGS,san_joaquin_valley_kings,1995
CA5403023,DELFT COLONY WATER,-2.017,6,2,2,2000,41,5-022.08,SAN JOAQUIN VALLEY - KINGS,san_joaquin_valley_kings,1995
CA1009120,RAU DAIRY,-1.874,7,9,9,2000,41,5-022.08,SAN JOAQUIN VALLEY - KINGS,san_joaquin_valley_kings,1995
CA1000199,FOWLER CARE CENTER,-1.831,8,1,1,2000,41,5-022.08,SAN JOAQUIN VALLEY - KINGS,san_joaquin_valley_kings,1995
CA1000454,VIKING RV PARK,-1.747,9,1,1,2000,41,5-022.08,SAN JOAQUIN VALLEY - KINGS,san_joaquin_valley_kings,1995
CA5400550,SEVILLE WATER COMPANY,-1.724,10,2,2,2000,41,5-022.08,SAN JOAQUIN VALLEY - KINGS,san_joaquin_valley_kings,1995
CA5410017,LONDON COMMUNITY SERV DIST,-1.718,11,2,1,2000,41,5-022.08,SAN JOAQUIN VALLEY - KINGS,san_joaquin_valley_kings,1995
CA1000551,FCSA 43 - RAISIN CITY,-1.647,12,5,5,2000,41,5-022.08,SAN JOAQUIN VALLEY - KINGS,san_joaquin_valley_kings,1995
CA5400537,LINDY'S LANDING,-1.434,13,2,2,2000,41,5-022.08,SAN JOAQUIN VALLEY - KINGS,san_joaquin_valley_kings,1995
CA1000471,FCSA 39 - A AND B,-1.344,14,1,1,2000,41,5-022.08,SAN JOAQUIN VALLEY - KINGS,san_joaquin_valley_kings,1995
CA1000570,JUVENILE JUSTICE CAMPUS,-1.33,15,1,1,2000,41,5-022.08,SAN JOAQUIN VALLEY - KINGS,san_joaquin_valley_kings,1995
CA1000244,"COMUNIDAD NUEVO LAGO, INC",-1.33,16,1,1,2000,41,5-022.08,SAN JOAQUIN VALLEY - KINGS,san_joaquin_valley_kings,1995
CA5403084,FAIRWAY MUTUAL WATER CO,-1.3,17,2,2,2000,41,5-022.08,SAN JOAQUIN VALLEY - KINGS,san_joaquin_valley_kings,1995
CA1000023,FCSA 14 - BELMONT MANOR,-1.236,18,4,4,2000,41,5-022.08,SAN JOAQUIN VALLEY - KINGS,san_joaquin_valley_kings,1995
CA1000004,BELMONT WATER CORPORATION,-1.233,19,3,3,2000,41,5-022.08,SAN JOAQUIN VALLEY - KINGS,san_joaquin_valley_kings,1995
CA1010035,DEL REY COMMUNITY SERV DIST,-1.191,20,2,1,2000,41,5-022.08,SAN JOAQUIN VALLEY - KINGS,san_joaquin_valley_kings,1995
CA1010049,BIOLA COMMUNITY SERVICES DIST,-1.166,21,4,4,2000,41,5-022.08,SAN JOAQUIN VALLEY - KINGS,san_joaquin_valley_kings,1995
CA5403213,TEEN CHALLENGE,-1.07,22,2,2,2000,41,5-022.08,SAN JOAQUIN VALLEY - KINGS,san_joaquin_valley_kings,1995
CA5400553,DEL ORO TRAVER DISTRICT,-1.0,23,2,2,2000,41,5-022.08,SAN JOAQUIN VALLEY - KINGS,san_joaquin_valley_kings,1995
CA1000324,MANNING GARDENS CARE CENTER INC,-0.927,24,1,0,2000,41,5-022.08,SAN JOAQUIN VALLEY - KINGS,san_joaquin_valley_kings,1995
CA1000554,FCSA 10A - MANSIONETTE ESTATES,-0.898,25,8,8,2000,41,5-022.08,SAN JOAQUIN VALLEY - KINGS,san_joaquin_valley_kings,1995
CA1000078,FCWWD 42/ALLUVIAL & FANCHER,-0.842,26,10,10,2000,41,5-022.08,SAN JOAQUIN VALLEY - KINGS,san_joaquin_valley_kings,1995
CA1000018,EASTON ESTATES WATER COMPANY,-0.825,27,2,1,2000,41,5-022.08,SAN JOAQUIN VALLEY - KINGS,san_joaquin_valley_kings,1995
CA1000039,FCSA 10 - CUMORAH KNOLLS,-0.814,28,12,12,2000,41,5-022.08,SAN JOAQUIN VALLEY - KINGS,san_joaquin_valley_kings,1995
CA5401003,EAST OROSI COMMUNITY SERVICES DISTRICT,-0.782,29,4,1,2000,41,5-022.08,SAN JOAQUIN VALLEY - KINGS,san_joaquin_valley_kings,1995
CA5400929,RIVERLAND RESORT,-0.694,30,2,2,2000,41,5-022.08,SAN JOAQUIN VALLEY - KINGS,san_joaquin_valley_kings,1995
CA5403043,YETTEM WATER SYSTEM,-0.621,31,3,1,2000,41,5-022.08,SAN JOAQUIN VALLEY - KINGS,san_joaquin_valley_kings,1995
CA1010030,TRANQUILLITY IRRIGATION DISTRICT,-0.537,32,4,3,2000,41,5-022.08,SAN JOAQUIN VALLEY - KINGS,san_joaquin_valley_kings,1995
CA5402047,GLEANINGS FOR THE HUNGRY,-0.463,33,2,0,2000,41,5-022.08,SAN JOAQUIN VALLEY - KINGS,san_joaquin_valley_kings,1995
CA5400824,SULTANA COMMUNITY SERVICES DISTRICT,-0.4,34,4,0,2000,41,5-022.08,SAN JOAQUIN VALLEY - KINGS,san_joaquin_valley_kings,1995
CA1000295,KINGS PARK APARTMENTS,-0.289,35,1,0,2000,41,5-022.08,SAN JOAQUIN VALLEY - KINGS,san_joaquin_valley_kings,1995
CA1000550,FCSA 44D - MONTE VERDI,-0.237,36,1,0,2000,41,5-022.08,SAN JOAQUIN VALLEY - KINGS,san_joaquin_valley_kings,1995
CA1000426,RIVERBEND MOBILE HOME & RV PARK,-0.116,37,1,0,2000,41,5-022.08,SAN JOAQUIN VALLEY - KINGS,san_joaquin_valley_kings,1995
CA1000021,FCSA 05 - WILDWOOD ISLAND,-0.075,38,3,0,2000,41,5-022.08,SAN JOAQUIN VALLEY - KINGS,san_joaquin_valley_kings,1995
CA1000247,SHERWOOD FOREST MHP,-0.046,39,1,0,2000,41,5-022.08,SAN JOAQUIN VALLEY - KINGS,san_joaquin_valley_kings,1995
CA1010042,MALAGA COUNTY WATER DISTRICT,0.575,40,1,1,2000,41,5-022.08,SAN JOAQUIN VALLEY - KINGS,san_joaquin_valley_kings,1995
CA1000366,SUNNYSIDE CONVALESCENT HOSP,0.575,41,1,1,2000,41,5-022.08,SAN JOAQUIN VALLEY - KINGS,san_joaquin_valley_kings,1995
CA1610006,STRATFORD PUD,-3.483,1,1,1,2000,5,5-022.12,SAN JOAQUIN VALLEY - TULARE LAKE,san_joaquin_valley_tulare_lake,1995
CA1610007,HOME GARDEN CSD,-3.177,2,4,4,2000,5,5-022.12,SAN JOAQUIN VALLEY - TULARE LAKE,san_joaquin_valley_tulare_lake,1995
CA1010020,LATON COMMUNITY SERVICES DISTRICT,-2.267,3,1,1,2000,5,5-022.12,SAN JOAQUIN VALLEY - TULARE LAKE,san_joaquin_valley_tulare_lake,1995
CA1600507,HARDWICK WATER COMPANY,-1.893,4,5,5,2000,5,5-022.12,SAN JOAQUIN VALLEY - TULARE LAKE,san_joaquin_valley_tulare_lake,1995
CA1600293,15TH AVENUE,-0.874,5,1,1,2000,5,5-022.12,SAN JOAQUIN VALLEY - TULARE LAKE,san_joaquin_valley_tulare_lake,1995
CA1500546,HARVEST MOON MUTUAL WATER CO,-6.481,1,5,4,2000,42,5-022.14,SAN JOAQUIN VALLEY - KERN COUNTY,san_joaquin_valley_kern_county,1995
CA1500543,AGAPE MUTUAL WATER SYSTEM,-6.184,2,3,3,2000,42,5-022.14,SAN JOAQUIN VALLEY - KERN COUNTY,san_joaquin_valley_kern_county,1995
CA1500535,MANON MANOR MUTUAL WATER COMPANY,-5.355,3,4,4,2000,42,5-022.14,SAN JOAQUIN VALLEY - KERN COUNTY,san_joaquin_valley_kern_county,1995
CA1500557,STOCKDALE RANCHOS MUTUAL WATER CO,-5.245,4,6,6,2000,42,5-022.14,SAN JOAQUIN VALLEY - KERN COUNTY,san_joaquin_valley_kern_county,1995
CA1500560,KRANENBURG WATER SYSTEM,-5.169,5,5,5,2000,42,5-022.14,SAN JOAQUIN VALLEY - KERN COUNTY,san_joaquin_valley_kern_county,1995
CA1503669,NORTH KRANENBURG WS,-5.126,6,6,6,2000,42,5-022.14,SAN JOAQUIN VALLEY - KERN COUNTY,san_joaquin_valley_kern_county,1995
CA1502629,HEATH BRIMHALL P.O.A.,-5.018,7,1,1,2000,42,5-022.14,SAN JOAQUIN VALLEY - KERN COUNTY,san_joaquin_valley_kern_county,1995
CA1500507,ST. CLAIR RANCHOS MUTUAL WATER CO.,-5.008,8,5,5,2000,42,5-022.14,SAN JOAQUIN VALLEY - KERN COUNTY,san_joaquin_valley_kern_county,1995
CA1502620,POND MUTUAL WATER COMPANY,-4.675,9,1,1,2000,42,5-022.14,SAN JOAQUIN VALLEY - KERN COUNTY,san_joaquin_valley_kern_county,1995
CA1500483,ALLEN ROAD MUTUAL WATER SYSTEM,-4.337,10,3,3,2000,42,5-022.14,SAN JOAQUIN VALLEY - KERN COUNTY,san_joaquin_valley_kern_county,1995
CA1503475,WESTERN ACRES MUTUAL WATER COMPANY,-4.224,11,3,3,2000,42,5-022.14,SAN JOAQUIN VALLEY - KERN COUNTY,san_joaquin_valley_kern_county,1995
CA1500544,ENOS LANE PUBLIC UTILITY DISTRICT,-4.164,12,5,5,2000,42,5-022.14,SAN JOAQUIN VALLEY - KERN COUNTY,san_joaquin_valley_kern_county,1995
CA1500409,BROCK MUTUAL WATER COMPANY,-4.011,13,4,4,2000,42,5-022.14,SAN JOAQUIN VALLEY - KERN COUNTY,san_joaquin_valley_kern_county,1995
CA1500296,FULLER ACRES MUTUAL WATER COMPANY,-3.855,14,1,1,2000,42,5-022.14,SAN JOAQUIN VALLEY - KERN COUNTY,san_joaquin_valley_kern_county,1995
CA1500378,MAHER MUTUAL WATER COMPANY,-3.772,15,4,4,2000,42,5-022.14,SAN JOAQUIN VALLEY - KERN COUNTY,san_joaquin_valley_kern_county,1995
CA1500588,SON SHINE PROPERTIES,-3.512,16,4,2,2000,42,5-022.14,SAN JOAQUIN VALLEY - KERN COUNTY,san_joaquin_valley_kern_county,1995
CA1502622,GOSFORD ROAD WATER COMPANY,-3.429,17,1,1,2000,42,5-022.14,SAN JOAQUIN VALLEY - KERN COUNTY,san_joaquin_valley_kern_county,1995
CA1500096,OLD RIVER MUTUAL WATER COMPANY,-2.748,18,3,3,2000,42,5-022.14,SAN JOAQUIN VALLEY - KERN COUNTY,san_joaquin_valley_kern_county,1995
CA1500575,SAN JOAQUIN ESTATES MUTUAL WATER COMPANY,-2.611,19,1,1,2000,42,5-022.14,SAN JOAQUIN VALLEY - KERN COUNTY,san_joaquin_valley_kern_county,1995
CA1500211,STOCKDALE ANNEX MUTUAL WATER,-2.59,20,2,2,2000,42,5-022.14,SAN JOAQUIN VALLEY - KERN COUNTY,san_joaquin_valley_kern_county,1995
CA1502164,LLANAS CAMP FOUR WATER SYSTEM,-2.511,21,4,2,2000,42,5-022.14,SAN JOAQUIN VALLEY - KERN COUNTY,san_joaquin_valley_kern_county,1995
CA1500344,SOUTH KERN MUTUAL WATER COMPANY,-2.498,22,2,2,2000,42,5-022.14,SAN JOAQUIN VALLEY - KERN COUNTY,san_joaquin_valley_kern_county,1995
CA1510011,BUTTONWILLOW CWD,-2.159,23,2,2,2000,42,5-022.14,SAN JOAQUIN VALLEY - KERN COUNTY,san_joaquin_valley_kern_county,1995
CA1502663,TOWN & COUNTRY WATER COMPANY,-2.154,24,4,4,2000,42,5-022.14,SAN JOAQUIN VALLEY - KERN COUNTY,san_joaquin_valley_kern_county,1995
CA1500349,STOCKDALE MUTUAL WATER CO.,-2.041,25,1,1,2000,42,5-022.14,SAN JOAQUIN VALLEY - KERN COUNTY,san_joaquin_valley_kern_county,1995
CA1502383,NORD ROAD WATER ASSOCIATION,-1.884,26,4,4,2000,42,5-022.14,SAN JOAQUIN VALLEY - KERN COUNTY,san_joaquin_valley_kern_county,1995
CA1502600,WEGIS MUTUAL WATER COMPANY,-1.446,27,2,2,2000,42,5-022.14,SAN JOAQUIN VALLEY - KERN COUNTY,san_joaquin_valley_kern_county,1995
CA1500314,DEL ORO WC - COUNTRY ESTATES DIST,-1.327,28,1,1,2000,42,5-022.14,SAN JOAQUIN VALLEY - KERN COUNTY,san_joaquin_valley_kern_county,1995
CA1500231,VICTORY MUTUAL WATER COMPANY,-1.327,29,1,1,2000,42,5-022.14,SAN JOAQUIN VALLEY - KERN COUNTY,san_joaquin_valley_kern_county,1995
CA1500585,OASIS PROPERTY OWNERS ASSOCIATION,-1.327,30,1,1,2000,42,5-022.14,SAN JOAQUIN VALLEY - KERN COUNTY,san_joaquin_valley_kern_county,1995
CA1502699,EAST WILSON ROAD WATER COMPANY,-1.327,31,1,1,2000,42,5-022.14,SAN JOAQUIN VALLEY - KERN COUNTY,san_joaquin_valley_kern_county,1995
CA1503526,WINI MUTUAL WATER COMPANY,-1.327,32,1,1,2000,42,5-022.14,SAN JOAQUIN VALLEY - KERN COUNTY,san_joaquin_valley_kern_county,1995
CA1500584,GOOSELAKE WATER COMPANY,-1.295,33,3,3,2000,42,5-022.14,SAN JOAQUIN VALLEY - KERN COUNTY,san_joaquin_valley_kern_county,1995
CA1500493,"EL ADOBE POA, INC.",-1.187,34,5,4,2000,42,5-022.14,SAN JOAQUIN VALLEY - KERN COUNTY,san_joaquin_valley_kern_county,1995
CA1502545,SCHWEIKART WATER SYSTEM,-0.88,35,3,3,2000,42,5-022.14,SAN JOAQUIN VALLEY - KERN COUNTY,san_joaquin_valley_kern_county,1995
CA1500401,METTLER COUNTY WATER DISTRICT,-0.586,36,3,3,2000,42,5-022.14,SAN JOAQUIN VALLEY - KERN COUNTY,san_joaquin_valley_kern_county,1995
CA1502320,LERDO SHERIFF S FACILITY,-0.389,37,6,4,2000,42,5-022.14,SAN JOAQUIN VALLEY - KERN COUNTY,san_joaquin_valley_kern_county,1995
CA1510046,LOST HILLS UTILITY DISTRICT,-0.161,38,1,0,2000,42,5-022.14,SAN JOAQUIN VALLEY - KERN COUNTY,san_joaquin_valley_kern_county,1995
CA1502465,PANAMA ROAD PROPERTY OWNERS ASSOC,-0.15,39,1,1,2000,42,5-022.14,SAN JOAQUIN VALLEY - KERN COUNTY,san_joaquin_valley_kern_county,1995
CA1503509,THE ANNE SIPPI CLINIC-RIVERSIDE RANCH,0.762,40,1,1,2000,42,5-022.14,SAN JOAQUIN VALLEY - KERN COUNTY,san_joaquin_valley_kern_county,1995
CA1500553,RANCHOS DEL RIO,0.79,41,2,2,2000,42,5-022.14,SAN JOAQUIN VALLEY - KERN COUNTY,san_joaquin_valley_kern_county,1995
CA1500555,MUSTANG MUTUAL WATER SYSTEM,1.307,42,3,3,2000,42,5-022.14,SAN JOAQUIN VALLEY - KERN COUNTY,san_joaquin_valley_kern_county,1995
CA2000554,MD 33 FAIRMEAD,-3.683,1,1,1,2000,12,5-022.06,SAN JOAQUIN VALLEY - MADERA,san_joaquin_valley_madera,1995
CA2000724,SA 14 CHUK CHANSE SUBDIVISION,-3.038,2,1,0,2000,12,5-022.06,SAN JOAQUIN VALLEY - MADERA,san_joaquin_valley_madera,1995
CA2010004,MADERA CO CMD19-PARKWOOD,-2.229,3,3,2,2000,12,5-022.06,SAN JOAQUIN VALLEY - MADERA,san_joaquin_valley_madera,1995
CA2000728,MD 37 LA VINA,-2.047,4,2,2,2000,12,5-022.06,SAN JOAQUIN VALLEY - MADERA,san_joaquin_valley_madera,1995
CA2000595,MADERA MH & RV PARK,-1.662,5,2,1,2000,12,5-022.06,SAN JOAQUIN VALLEY - MADERA,san_joaquin_valley_madera,1995
CA2000692,MD 95 RANCHOS WEST,-0.702,6,2,1,2000,12,5-022.06,SAN JOAQUIN VALLEY - MADERA,san_joaquin_valley_madera,1995
CA2010019,MADERA CO CSA 22C GUNNER RANCH,-0.662,7,7,5,2000,12,5-022.06,SAN JOAQUIN VALLEY - MADERA,san_joaquin_valley_madera,1995
CA2000553,MD 28 RIPPERDAN SELF HELP,-0.479,8,3,1,2000,12,5-022.06,SAN JOAQUIN VALLEY - MADERA,san_joaquin_valley_madera,1995
CA2000727,MD 36 EASTIN ARCOLA,-0.395,9,3,3,2000,12,5-022.06,SAN JOAQUIN VALLEY - MADERA,san_joaquin_valley_madera,1995
CA2010009,BAKMAN WATER-ROLLING HILLS,-0.161,10,3,3,2000,12,5-022.06,SAN JOAQUIN VALLEY - MADERA,san_joaquin_valley_madera,1995
CA2000608,WILDWOOD MOBILE HOME PK INC,-0.136,11,3,3,2000,12,5-022.06,SAN JOAQUIN VALLEY - MADERA,san_joaquin_valley_madera,1995
CA2010801,VALLEY STATE PRISON,0.0,12,1,0,2000,12,5-022.06,SAN JOAQUIN VALLEY - MADERA,san_joaquin_valley_madera,1995
CA2000511,MD 85 VALETA,-4.306,1,3,2,2000,1,5-022.05,SAN JOAQUIN VALLEY - CHOWCHILLA,san_joaquin_valley_chowchilla,1995
CA2410011,LE GRAND COMM SERVICES DIST,-3.034,1,2,2,2000,4,5-022.04,SAN JOAQUIN VALLEY - MERCED,san_joaquin_valley_merced,1995
CA2400046,BLACK RASCAL WATER COMPANY,-2.165,2,4,4,2000,4,5-022.04,SAN JOAQUIN VALLEY - MERCED,san_joaquin_valley_merced,1995
CA2410700,CASTLE AIRPORT,-1.949,3,2,2,2000,4,5-022.04,SAN JOAQUIN VALLEY - MERCED,san_joaquin_valley_merced,1995
CA2400053,EL NIDO MOBILE HOME PARK,0.068,4,1,0,2000,4,5-022.04,SAN JOAQUIN VALLEY - MERCED,san_joaquin_valley_merced,1995
CA5000005,CROWS LANDING COMM SVC DISTRICT,-0.762,1,2,2,2000,9,5-022.07,SAN JOAQUIN VALLEY - DELTA-MENDOTA,san_joaquin_valley_delta_mendota,1995
CA2000512,EAST ACRES MUTUAL WATER COMPANY,-0.379,2,4,3,2000,9,5-022.07,SAN JOAQUIN VALLEY - DELTA-MENDOTA,san_joaquin_valley_delta_mendota,1995
CA1000054,LAS DELTAS MUTUAL WATER COMPANY,-0.197,3,3,1,2000,9,5-022.07,SAN JOAQUIN VALLEY - DELTA-MENDOTA,san_joaquin_valley_delta_mendota,1995
CA5000058,FISHERMAN'S BEND MHP,-0.171,4,2,1,2000,9,5-022.07,SAN JOAQUIN VALLEY - DELTA-MENDOTA,san_joaquin_valley_delta_mendota,1995
CA2400201,VOLTA COMMUNITY SD,-0.171,5,8,3,2000,9,5-022.07,SAN JOAQUIN VALLEY - DELTA-MENDOTA,san_joaquin_valley_delta_mendota,1995
CA5000061,MARTIN'S MOBILE HOME COURT,-0.149,6,2,1,2000,9,5-022.07,SAN JOAQUIN VALLEY - DELTA-MENDOTA,san_joaquin_valley_delta_mendota,1995
CA5000313,BUEHNER WATER SYSTEM,-0.143,7,1,1,2000,9,5-022.07,SAN JOAQUIN VALLEY - DELTA-MENDOTA,san_joaquin_valley_delta_mendota,1995
CA5010007,HILLSVIEW HOMES,1.523,8,1,1,2000,9,5-022.07,SAN JOAQUIN VALLEY - DELTA-MENDOTA,san_joaquin_valley_delta_mendota,1995
CA1010030,TRANQUILLITY IRRIGATION DISTRICT,3.091,9,5,3,2000,9,5-022.07,SAN JOAQUIN VALLEY - DELTA-MENDOTA,san_joaquin_valley_delta_mendota,1995
CA1009051,"CANTUA CREEK VINEYARDS, IV, LLC.",-7.656,1,1,1,2000,5,5-022.09,SAN JOAQUIN VALLEY - WESTSIDE,san_joaquin_valley_westside,1995
CA1009020,FIVE POINTS RANCH,-6.382,2,2,2,2000,5,5-022.09,SAN JOAQUIN VALLEY - WESTSIDE,san_joaquin_valley_westside,1995
CA1010030,TRANQUILLITY IRRIGATION DISTRICT,-2.097,3,3,1,2000,5,5-022.09,SAN JOAQUIN VALLEY - WESTSIDE,san_joaquin_valley_westside,1995
CA1000585,MURRIETA/HERNANDEZ FARMS,-0.221,4,3,0,2000,5,5-022.09,SAN JOAQUIN VALLEY - WESTSIDE,san_joaquin_valley_westside,1995
CA1000054,LAS DELTAS MUTUAL WATER COMPANY,0.348,5,2,0,2000,5,5-022.09,SAN JOAQUIN VALLEY - WESTSIDE,san_joaquin_valley_westside,1995
